id,title,artist,type,releaseDate,selectedForStudioShelf,songCount,videoCount,declaredTrackCount,missingTrackCount,coverPath,storefronts,metadataStatus,sourceUrls,notes
apple-892852443,時代曲 (華星40 復刻系列),陳奕迅,studio,1996-08-19,False,10,0,10,0,covers/892852443-時代曲 (華星40 復刻系列).jpg,"cn,hk,tw,us",catalog,https://music.apple.com/hk/album/%E6%99%82%E4%BB%A3%E6%9B%B2-%E8%8F%AF%E6%98%9F40-%E5%BE%A9%E5%88%BB%E7%B3%BB%E5%88%97/892852443?uo=4 | https://musicbrainz.org/release-group/0d69a75d-8238-4c7d-aafa-d9f41f20a52b,
apple-892603736,華星DSD復刻經典: 陳奕迅,陳奕迅,studio,1996-08-19,True,10,0,10,0,covers/892603736-華星DSD復刻經典_ 陳奕迅.jpg,"cn,hk,tw,us",catalog,https://music.apple.com/hk/album/%E8%8F%AF%E6%98%9Fdsd%E5%BE%A9%E5%88%BB%E7%B6%93%E5%85%B8-%E9%99%B3%E5%A5%95%E8%BF%85/892603736?uo=4 | https://musicbrainz.org/release-group/0d69a75d-8238-4c7d-aafa-d9f41f20a52b,
apple-1694525409,一滴眼淚,陳奕迅,studio,1997-01-10,True,10,0,10,0,covers/1694525409-一滴眼淚.jpg,"cn,hk,tw,us",catalog,https://music.apple.com/hk/album/%E4%B8%80%E6%BB%B4%E7%9C%BC%E6%B7%9A/1694525409?uo=4 | https://musicbrainz.org/release-group/2ea52ed2-cbf2-484b-9d2a-5ea553eff221,
apple-892735096,與我常在,陳奕迅,studio,1997-09-01,True,11,0,11,0,covers/892735096-與我常在.jpg,"cn,hk,tw,us",catalog,https://music.apple.com/hk/album/%E8%88%87%E6%88%91%E5%B8%B8%E5%9C%A8/892735096?uo=4 | https://musicbrainz.org/release-group/f99ad43d-a0d4-44d8-b8ac-502129019e4a,
apple-1694525250,醞釀,陳奕迅,studio,1997-11-12,True,12,0,12,0,covers/1694525250-醞釀.jpg,"cn,hk,tw,us",catalog,https://music.apple.com/hk/album/%E9%86%9E%E9%87%80/1694525250?uo=4 | https://musicbrainz.org/release-group/97d66923-78dc-4d15-aa27-4c570c544b24,
apple-1575742728,我的快樂時代,陳奕迅,studio,1998-05-26,True,14,0,14,0,covers/1575742728-我的快樂時代.jpg,"cn,hk,tw,us",catalog,https://music.apple.com/hk/album/%E6%88%91%E7%9A%84%E5%BF%AB%E6%A8%82%E6%99%82%E4%BB%A3/1575742728?uo=4 | https://musicbrainz.org/release-group/f93309d1-69fe-3240-b95c-57613621ece5,本版含 14 曲；另保留 Apple 892745229 的 10 曲版本。
apple-892745229,我的快樂時代,陳奕迅,studio,1998-05-26,False,10,0,10,0,covers/892745229-我的快樂時代.jpg,"cn,hk,tw,us",catalog,https://music.apple.com/hk/album/%E6%88%91%E7%9A%84%E5%BF%AB%E6%A8%82%E6%99%82%E4%BB%A3/892745229?uo=4 | https://musicbrainz.org/release-group/f93309d1-69fe-3240-b95c-57613621ece5,
apple-6785387038,大激想 - EP,"陳奕迅, 楊千嬅 & 梁漢文",ep,1998-08-01,False,4,0,4,0,covers/6785387038-大激想 - EP.jpg,"cn,hk,tw,us",catalog,https://music.apple.com/hk/album/%E5%A4%A7%E6%BF%80%E6%83%B3-ep/6785387038?uo=4 | https://musicbrainz.org/release-group/824c09b2-a340-4731-99c9-e5cb9fa50b4b,
apple-1484716666,新生活 (Live),陳奕迅,live,1999-02-01,False,14,0,14,0,covers/1484716666-新生活 (Live).jpg,"cn,hk,tw,us",catalog,https://music.apple.com/hk/album/%E6%96%B0%E7%94%9F%E6%B4%BB-live/1484716666?uo=4 | https://musicbrainz.org/release-group/91ac7c10-3e8f-4790-a162-bc7523c41855,
apple-892819866,天佑愛人,陳奕迅,studio,1999-05-26,True,10,0,10,0,covers/892819866-天佑愛人.jpg,"cn,hk,tw,us",catalog,https://music.apple.com/hk/album/%E5%A4%A9%E4%BD%91%E6%84%9B%E4%BA%BA/892819866?uo=4 | https://musicbrainz.org/release-group/af146917-9503-4ce6-9b7d-fdf8ffbb9bf0,
apple-1694525826,婚禮的祝福,陳奕迅,studio,1999-09-09,True,10,0,10,0,covers/1694525826-婚禮的祝福.jpg,"cn,hk,tw,us",catalog,https://music.apple.com/hk/album/%E5%A9%9A%E7%A6%AE%E7%9A%84%E7%A5%9D%E7%A6%8F/1694525826?uo=4 | https://musicbrainz.org/release-group/8e951f06-a35b-4fda-9d19-51f743e31452,
apple-892514705,幸福,陳奕迅,ep,1999-11-24,False,12,0,12,0,covers/892514705-幸福.jpg,"cn,hk,tw,us",catalog,https://music.apple.com/hk/album/%E5%B9%B8%E7%A6%8F/892514705?uo=4 | https://musicbrainz.org/release-group/ca844c28-9221-4bd7-aa73-558afc612802,
apple-892458133,Eason & Friends 903 ID Club 拉闊音樂會,陳奕迅,live,2000-01-01,False,11,0,11,0,covers/892458133-Eason & Friends 903 ID Club 拉闊音樂會.jpg,"cn,hk,tw,us",catalog,https://music.apple.com/hk/album/eason-friends-903-id-club-%E6%8B%89%E9%97%8A%E9%9F%B3%E6%A8%82%E6%9C%83/892458133?uo=4 | https://musicbrainz.org/release-group/50432e49-6503-426c-9a6a-7be6be807459,
apple-1550844443,"68'29""",陳奕迅,compilation,2000-09-27,False,16,0,16,0,covers/1550844443-68'29_.jpg,"cn,hk,tw,us",catalog,https://music.apple.com/hk/album/6829/1550844443?uo=4 | https://musicbrainz.org/release-group/f02cd365-5ccb-481e-866a-2ae119894f3b,
apple-542594340,打得火熱,陳奕迅,studio,2000-10-01,True,10,0,10,0,covers/542594340-打得火熱.jpg,"cn,hk,tw,us",catalog,https://music.apple.com/hk/album/%E6%89%93%E5%BE%97%E7%81%AB%E7%86%B1/542594340?uo=4 | https://musicbrainz.org/release-group/ba853ec0-bcf3-409a-86b6-4371e76534af,
apple-892390524,Mixed Up,陳奕迅,remix,2001-01-01,False,10,0,10,0,covers/892390524-Mixed Up.jpg,"cn,hk,tw,us",catalog,https://music.apple.com/hk/album/mixed-up/892390524?uo=4 | https://musicbrainz.org/release-group/2beef91f-d1ba-3226-8315-c054178c0772,
mb-753015ea-05eb-4b32-a02e-84c10cb8116f,Eason 18首選,陳奕迅,compilation,2001-04-03,False,18,0,18,0,,,physical-reference,https://musicbrainz.org/release/753015ea-05eb-4b32-a02e-84c10cb8116f | https://musicbrainz.org/release-group/3585395b-708e-4b2f-89f9-5499b8312591,Apple 四区目录未找到该发行 ID；依据 MusicBrainz 指定版本保存，未与相似标题版本合并。 | 曲目已保存，独立封面尚未下载成功；不使用其他专辑图片代替。
apple-542593700,Shall We Dance? Shall We Talk!,陳奕迅,studio,2001-04-13,True,13,0,13,0,covers/542593700-Shall We Dance_ Shall We Talk!.jpg,"cn,hk,tw,us",catalog,https://music.apple.com/hk/album/shall-we-dance-shall-we-talk/542593700?uo=4 | https://musicbrainz.org/release-group/28e0e88e-dd20-3b49-8b87-39cc6597865f,
apple-542592136,反正是我 (國),陳奕迅,studio,2001-07-19,True,10,0,10,0,covers/542592136-反正是我 (國).jpg,"cn,hk,tw,us",catalog,https://music.apple.com/hk/album/%E5%8F%8D%E6%AD%A3%E6%98%AF%E6%88%91-%E5%9C%8B/542592136?uo=4 | https://musicbrainz.org/release-group/428578e1-711a-3502-a2c7-43d87e0aa390,
apple-545058478,謝霆鋒 + 陳奕迅 (純音樂世界),謝霆鋒 & 陳奕迅,instrumental,2001-09-21,False,20,0,20,0,covers/545058478-謝霆鋒 + 陳奕迅 (純音樂世界).jpg,"cn,hk,tw,us",catalog,https://music.apple.com/hk/album/%E8%AC%9D%E9%9C%86%E9%8B%92-%E9%99%B3%E5%A5%95%E8%BF%85-%E7%B4%94%E9%9F%B3%E6%A8%82%E4%B8%96%E7%95%8C/545058478?uo=4 | https://musicbrainz.org/release-group/322ca657-11a6-48ad-bab6-d8666bfa6589,
apple-542634698,The Easy Ride,陳奕迅,studio,2001-11-08,True,11,0,11,0,covers/542634698-The Easy Ride.jpg,"cn,hk,tw,us",catalog,https://music.apple.com/hk/album/the-easy-ride/542634698?uo=4 | https://musicbrainz.org/release-group/bcd57558-523c-4364-8b1b-08e0ebd49e09,
apple-542611053,The Easy Ride 演唱會 (Live),陳奕迅,live,2002-01-18,False,22,0,22,0,covers/542611053-The Easy Ride 演唱會 (Live).jpg,"cn,hk,tw,us",catalog,https://music.apple.com/hk/album/the-easy-ride-%E6%BC%94%E5%94%B1%E6%9C%83-live/542611053?uo=4 | https://musicbrainz.org/release-group/355e2e29-3f71-4049-9c57-8dbf78acf17d,
mb-797e7833-e52e-4c21-a4f3-7d37bb2b5333,拉闊壓軸：林子祥 / 陳奕迅,林子祥 & 陳奕迅,live,2002-02,False,25,0,25,0,,,physical-reference,https://musicbrainz.org/release/797e7833-e52e-4c21-a4f3-7d37bb2b5333 | https://musicbrainz.org/release-group/f91397d4-00f3-4726-8a27-f31439c7ed23,Apple 四区目录未找到该发行 ID；依据 MusicBrainz 指定版本保存，未与相似标题版本合并。 | 曲目已保存，独立封面尚未下载成功；不使用其他专辑图片代替。
apple-542612232,Special Thanks To.. (香港版),陳奕迅,studio,2002-04-02,True,10,0,10,0,covers/542612232-Special Thanks To.. (香港版).jpg,"cn,hk,tw,us",catalog,https://music.apple.com/hk/album/special-thanks-to-%E9%A6%99%E6%B8%AF%E7%89%88/542612232?uo=4 | https://musicbrainz.org/release-group/bdf1de35-e295-43ae-acc5-3bbe54370156,
apple-542611601,The Line-Up,陳奕迅,studio,2002-07-24,True,10,0,10,0,covers/542611601-The Line-Up.jpg,"cn,hk,tw,us",catalog,https://music.apple.com/hk/album/the-line-up/542611601?uo=4 | https://musicbrainz.org/release-group/8c2492f2-e3e1-358b-99a1-608279ab27b6,
apple-542613324,For a Change & Hits (新曲+精選),陳奕迅,compilation,2002-12-05,False,21,0,21,0,covers/542613324-For a Change & Hits (新曲+精選).jpg,"cn,hk,tw,us",catalog,https://music.apple.com/hk/album/for-a-change-hits-%E6%96%B0%E6%9B%B2-%E7%B2%BE%E9%81%B8/542613324?uo=4 | https://musicbrainz.org/release-group/69dbbe65-13f4-3cb8-9f7a-91acc75e4459,
apple-542681657,Third Encounter Concert Live,陳奕迅,live,2003-03-27,False,25,0,25,0,covers/542681657-Third Encounter Concert Live.jpg,"cn,hk,tw,us",catalog,https://music.apple.com/hk/album/third-encounter-concert-live/542681657?uo=4 | https://musicbrainz.org/release-group/a13d7c00-1a6f-42af-a2e7-a046225b0e27,
apple-542923554,黑.白.灰,陳奕迅,studio,2003-04-15,True,10,0,10,0,covers/542923554-黑.白.灰.jpg,"cn,hk,tw,us",catalog,https://music.apple.com/hk/album/%E9%BB%91-%E7%99%BD-%E7%81%B0/542923554?uo=4 | https://musicbrainz.org/release-group/1f7f516f-1935-3b7d-a4fa-ec290ce1b43d,
apple-542676848,Live for Today,陳奕迅,studio,2003-07-22,True,11,0,11,0,covers/542676848-Live for Today.jpg,"cn,hk,tw,us",catalog,https://music.apple.com/hk/album/live-for-today/542676848?uo=4 | https://musicbrainz.org/release-group/02ab15ca-c804-3615-a187-07adbbe02e38,
mb-9c154b03-65bf-42ba-a884-3074bc5abab1,七,陳奕迅,compilation,2003-11-18,False,18,0,18,0,covers/mb-9c154b03-65bf-42ba-a884-3074bc5abab1-七.jpg,,physical-reference,https://musicbrainz.org/release/9c154b03-65bf-42ba-a884-3074bc5abab1 | https://musicbrainz.org/release-group/0e20d9c7-2896-44d0-b209-434b2cf5b2b8,Apple 四区目录未找到该发行 ID；依据 MusicBrainz 指定版本保存，未与相似标题版本合并。
mb-3763f14e-d9bf-4805-9b1e-9fc0e9f7ebce,陳奕迅&葉蒨文 903 id club 拉闊音樂會,Eason Chan & Sally Yeh,live,2004-01-16,False,24,0,24,0,,,physical-reference,https://musicbrainz.org/release/3763f14e-d9bf-4805-9b1e-9fc0e9f7ebce | https://musicbrainz.org/release-group/e1954216-cd68-4fc1-8c76-62412f62667f,Apple 四区目录未找到该发行 ID；依据 MusicBrainz 指定版本保存，未与相似标题版本合并。 | 曲目已保存，独立封面尚未下载成功；不使用其他专辑图片代替。
apple-548143960,英皇鋼琴熱戀系列: 陳奕迅,陳奕迅,instrumental,2004-07-09,False,20,0,20,0,covers/548143960-英皇鋼琴熱戀系列_ 陳奕迅.jpg,"cn,hk,tw,us",catalog,https://music.apple.com/hk/album/%E8%8B%B1%E7%9A%87%E9%8B%BC%E7%90%B4%E7%86%B1%E6%88%80%E7%B3%BB%E5%88%97-%E9%99%B3%E5%A5%95%E8%BF%85/548143960?uo=4 | https://musicbrainz.org/release-group/d97d4013-d637-49d4-aa84-4bc28ba9cea1,
apple-1444401074,對不起 謝謝 (國) - Single,陳奕迅,single,2005-01-01,False,1,0,1,0,covers/1444401074-對不起 謝謝 (國) - Single.jpg,"cn,hk,tw",catalog,https://music.apple.com/hk/album/%E5%B0%8D%E4%B8%8D%E8%B5%B7-%E8%AC%9D%E8%AC%9D-%E5%9C%8B-single/1444401074?uo=4,
apple-1443938740,怎麼樣,陳奕迅,studio,2005-01-01,True,10,0,10,0,covers/1443938740-怎麼樣.jpg,"cn,hk,tw",supplemented-from-physical,https://music.apple.com/hk/album/%E6%80%8E%E9%BA%BC%E6%A8%A3/1443938740?uo=4 | https://musicbrainz.org/release-group/e9024bcc-845b-3549-b0bd-0770822e6cf0,按官方 10 曲 CD 发行补入第 3 首 Hippie。
apple-542693388,Great 5000 Secs (新曲+精選),陳奕迅,compilation,2005-02-04,False,18,0,18,0,covers/542693388-Great 5000 Secs (新曲+精選).jpg,"cn,hk,tw,us",catalog,https://music.apple.com/hk/album/great-5000-secs-%E6%96%B0%E6%9B%B2-%E7%B2%BE%E9%81%B8/542693388?uo=4 | https://musicbrainz.org/release-group/5a56168a-d22f-305f-9f52-9d8b509734fc,
apple-542698905,"Great 5000 Secs, Vol. 2 (新曲+精選)",陳奕迅,compilation,2005-06-07,False,17,0,17,0,"covers/542698905-Great 5000 Secs, Vol. 2 (新曲+精選).jpg","cn,hk,tw,us",catalog,https://music.apple.com/hk/album/great-5000-secs-vol-2-%E6%96%B0%E6%9B%B2-%E7%B2%BE%E9%81%B8/542698905?uo=4 | https://musicbrainz.org/release-group/1366d7bd-27bc-3493-96dd-c812f962f7dc,
apple-1443374875,U 87,陳奕迅,studio,2005-06-07,True,12,0,12,0,covers/1443374875-U 87.jpg,"cn,hk,tw,us",catalog,https://music.apple.com/hk/album/u-87/1443374875?uo=4 | https://musicbrainz.org/release-group/8905581d-9785-39d6-8470-e4888b102f1f,
apple-1442912707,Life Continues,陳奕迅,ep,2006-01-01,False,7,0,7,0,covers/1442912707-Life Continues.jpg,"cn,hk,tw,us",catalog,https://music.apple.com/hk/album/life-continues/1442912707?uo=4 | https://musicbrainz.org/release-group/8b6f0baa-026b-3a3d-b180-8d1deb85a50e,
apple-1443345687,What's Going On...?,陳奕迅,studio,2006-01-01,True,10,0,10,0,covers/1443345687-What's Going On..._.jpg,"cn,hk,tw,us",catalog,https://music.apple.com/hk/album/whats-going-on/1443345687?uo=4 | https://musicbrainz.org/release-group/37ef8e29-9479-3e7c-b197-c70623427eda,
apple-1443368631,正東10X10我至愛唱片 - U87,陳奕迅,studio,2006-01-01,False,13,0,13,0,covers/1443368631-正東10X10我至愛唱片 - U87.jpg,"cn,hk,tw,us",catalog,https://music.apple.com/hk/album/%E6%AD%A3%E6%9D%B110x10%E6%88%91%E8%87%B3%E6%84%9B%E5%94%B1%E7%89%87-u87/1443368631?uo=4 | https://musicbrainz.org/release-group/8905581d-9785-39d6-8470-e4888b102f1f,
apple-542910172,我的最好時代,陳奕迅,compilation,2006-02-09,False,44,0,44,0,covers/542910172-我的最好時代.jpg,"cn,hk,tw,us",catalog,https://music.apple.com/hk/album/%E6%88%91%E7%9A%84%E6%9C%80%E5%A5%BD%E6%99%82%E4%BB%A3/542910172?uo=4 | https://musicbrainz.org/release-group/a60b069d-7618-421f-895f-20f9bd80f2d1,
apple-1462045698,Get A Life (Live),陳奕迅,live,2006-04-20,False,38,0,38,0,covers/1462045698-Get A Life (Live).jpg,"cn,hk,tw,us",catalog,https://music.apple.com/hk/album/get-a-life-live/1462045698?uo=4 | https://musicbrainz.org/release-group/b5d0a12c-06ac-32a0-941f-b62c940bfbde,
apple-1490822079,What's Going On...? (Remastered 2019),陳奕迅,studio,2006-11-23,False,10,0,10,0,covers/1490822079-What's Going On..._ (Remastered 2019).jpg,"cn,hk,tw,us",catalog,https://music.apple.com/hk/album/whats-going-on-remastered-2019/1490822079?uo=4 | https://musicbrainz.org/release-group/37ef8e29-9479-3e7c-b197-c70623427eda,
mb-a31bc717-6e9e-4937-b444-3bd3b430e19c,Sound & Sight,陳奕迅,compilation,2006-12,False,76,24,100,0,covers/mb-a31bc717-6e9e-4937-b444-3bd3b430e19c-Sound & Sight.jpg,,physical-reference,https://musicbrainz.org/release/a31bc717-6e9e-4937-b444-3bd3b430e19c | https://musicbrainz.org/release-group/bb6ad570-3c0d-48df-b248-c5fd1dea371b,Apple 四区目录未找到该发行 ID；依据 MusicBrainz 指定版本保存，未与相似标题版本合并。
apple-1443816775,認了吧 (Hong Kong Version),陳奕迅,studio,2007-01-01,True,11,0,11,0,covers/1443816775-認了吧 (Hong Kong Version).jpg,"hk,tw",catalog,https://music.apple.com/hk/album/%E8%AA%8D%E4%BA%86%E5%90%A7-hong-kong-version/1443816775?uo=4 | https://musicbrainz.org/release-group/828d4fcd-99f2-3d42-b7b8-4e97a4e51981,
apple-1720091272,What's Going On...? (2nd Edition),陳奕迅,studio,2007-01-25,False,15,0,15,0,covers/1720091272-What's Going On..._ (2nd Edition).jpg,"cn,hk,tw,us",catalog,https://music.apple.com/hk/album/whats-going-on-2nd-edition/1720091272?uo=4 | https://musicbrainz.org/release-group/37ef8e29-9479-3e7c-b197-c70623427eda,
apple-1443352354,認了吧 (台灣版),陳奕迅,studio,2007-04-24,False,10,0,10,0,covers/1443352354-認了吧 (台灣版).jpg,"cn,tw,us",catalog,https://music.apple.com/tw/album/%E8%AA%8D%E4%BA%86%E5%90%A7-%E5%8F%B0%E7%81%A3%E7%89%88/1443352354?uo=4 | https://musicbrainz.org/release-group/828d4fcd-99f2-3d42-b7b8-4e97a4e51981,
mb-d9538398-826f-4c7f-96a8-0434a3d5f741,Crying in the Party,Eason Chan,single,2007-08-23,False,1,0,1,0,,,physical-reference,https://musicbrainz.org/release/d9538398-826f-4c7f-96a8-0434a3d5f741 | https://musicbrainz.org/release-group/ed09675b-7cf6-45f1-906d-0ec10135ef9b,Apple 四区目录未找到该发行 ID；依据 MusicBrainz 指定版本保存，未与相似标题版本合并。 | 曲目已保存，独立封面尚未下载成功；不使用其他专辑图片代替。
apple-1462039068,Listen to Eason Chan,陳奕迅,studio,2007-10-18,True,20,0,20,0,covers/1462039068-Listen to Eason Chan.jpg,"cn,hk,tw,us",catalog,https://music.apple.com/hk/album/listen-to-eason-chan/1462039068?uo=4 | https://musicbrainz.org/release-group/a52bc0a6-105a-355a-ac65-73093155cc68,
apple-1490821997,Listen to Eason Chan (Remastered 2019),陳奕迅,studio,2007-10-18,False,10,0,10,0,covers/1490821997-Listen to Eason Chan (Remastered 2019).jpg,"cn,hk,tw,us",catalog,https://music.apple.com/hk/album/listen-to-eason-chan-remastered-2019/1490821997?uo=4 | https://musicbrainz.org/release-group/a52bc0a6-105a-355a-ac65-73093155cc68,
apple-542922079,你的陳奕迅國語精選,陳奕迅,compilation,2007-10-23,False,28,0,28,0,covers/542922079-你的陳奕迅國語精選.jpg,"cn,hk,tw,us",catalog,https://music.apple.com/hk/album/%E4%BD%A0%E7%9A%84%E9%99%B3%E5%A5%95%E8%BF%85%E5%9C%8B%E8%AA%9E%E7%B2%BE%E9%81%B8/542922079?uo=4 | https://musicbrainz.org/release-group/fa13d7bf-8a08-394b-9e92-4879c324932a,
apple-1462045568,Eason Moving on Stage 1 (Live),陳奕迅,live,2007-12-21,False,27,0,27,0,covers/1462045568-Eason Moving on Stage 1 (Live).jpg,"cn,hk,tw,us",catalog,https://music.apple.com/hk/album/eason-moving-on-stage-1-live/1462045568?uo=4 | https://musicbrainz.org/release-group/4e6d5f32-8025-4ae2-a29a-3a24e42db6de,
apple-1443826314,The 1st Eleven Years 然後呢?,陳奕迅,compilation,2008-01-01,False,8,0,8,0,covers/1443826314-The 1st Eleven Years 然後呢_.jpg,"cn,hk,tw",catalog,https://music.apple.com/hk/album/the-1st-eleven-years-%E7%84%B6%E5%BE%8C%E5%91%A2/1443826314?uo=4 | https://musicbrainz.org/release-group/8cf8a45c-fc02-3e4b-90a7-86c9c80344d1,
apple-1443493887,不想放手,陳奕迅,studio,2008-01-01,True,11,0,11,0,covers/1443493887-不想放手.jpg,"cn,hk,tw",supplemented-from-physical,https://music.apple.com/hk/album/%E4%B8%8D%E6%83%B3%E6%94%BE%E6%89%8B/1443493887?uo=4 | https://musicbrainz.org/release-group/208d3080-1ebf-35a4-8a0c-f04fe589d88e,按官方 11 曲 CD 发行补入曲序 2、3、6、9。
mb-876539aa-e420-46ff-b1d3-e2ae163278e0,路…一直都在,Eason Chan,single,2008-04-23,False,1,0,1,0,,,physical-reference,https://musicbrainz.org/release/876539aa-e420-46ff-b1d3-e2ae163278e0 | https://musicbrainz.org/release-group/c71a7075-c1a8-400d-bf5d-ee16652cca62,Apple 四区目录未找到该发行 ID；依据 MusicBrainz 指定版本保存，未与相似标题版本合并。 | 曲目已保存，独立封面尚未下载成功；不使用其他专辑图片代替。
mb-222597bb-5615-40a0-8ec1-6b62e53a2c1e,陳奕迅 Eason,陳奕迅,compilation,2008-07-11,False,18,0,18,0,,,physical-reference,https://musicbrainz.org/release/222597bb-5615-40a0-8ec1-6b62e53a2c1e | https://musicbrainz.org/release-group/5778c157-8224-49b0-b058-a65598ca8335,Apple 四区目录未找到该发行 ID；依据 MusicBrainz 指定版本保存，未与相似标题版本合并。 | 曲目已保存，独立封面尚未下载成功；不使用其他专辑图片代替。
mb-feefcae1-7e94-41c5-ade5-3f85496c52e6,The Best Moment,陳奕迅,compilation,2008-09-06,False,48,0,48,0,covers/mb-feefcae1-7e94-41c5-ade5-3f85496c52e6-The Best Moment.jpg,,physical-reference,https://musicbrainz.org/release/feefcae1-7e94-41c5-ade5-3f85496c52e6 | https://musicbrainz.org/release-group/a00fb7b3-299c-4015-88fb-6dc21b463aa5,Apple 四区目录未找到该发行 ID；依据 MusicBrainz 指定版本保存，未与相似标题版本合并。
mb-69ab0add-aaab-4be4-af1f-e67e946e1f8e,陳奕迅48首選,陳奕迅,compilation,2008-12-23,False,48,0,48,0,covers/mb-69ab0add-aaab-4be4-af1f-e67e946e1f8e-陳奕迅48首選.jpg,,physical-reference,https://musicbrainz.org/release/69ab0add-aaab-4be4-af1f-e67e946e1f8e | https://musicbrainz.org/release-group/45ab9952-fb9d-4ecf-acd4-6b42028a57b0,Apple 四区目录未找到该发行 ID；依据 MusicBrainz 指定版本保存，未与相似标题版本合并。
apple-1443774258,H3M,陳奕迅,studio,2009-01-01,True,10,0,10,0,covers/1443774258-H3M.jpg,"cn,hk,tw",catalog,https://music.apple.com/hk/album/h3m/1443774258?uo=4 | https://musicbrainz.org/release-group/27d848cf-f7bc-3284-aead-19c08a76c6e9,
apple-1442943933,Solidays,陳奕迅,compilation,2009-01-01,False,27,0,27,0,covers/1442943933-Solidays.jpg,"cn,hk,tw",supplemented-from-physical,https://music.apple.com/hk/album/solidays/1442943933?uo=4 | https://musicbrainz.org/release-group/10478872-39e1-3e3d-b997-b0aed2428bed,Apple 曲目接口未返回内容；按 2008 年官方 2CD 发行补入 27 首歌曲，附赠 DVD 不混入该数字版本。
apple-1442260565,上五樓的快活,陳奕迅,studio,2009-01-01,True,11,0,11,0,covers/1442260565-上五樓的快活.jpg,"cn,hk,tw,us",catalog,https://music.apple.com/hk/album/%E4%B8%8A%E4%BA%94%E6%A8%93%E7%9A%84%E5%BF%AB%E6%B4%BB/1442260565?uo=4 | https://musicbrainz.org/release-group/cc207d86-ebe1-4697-b938-bf4c9e53a86e,
apple-1442429995,上五樓的快活 (2nd Edition),陳奕迅,studio,2009-01-01,False,11,0,11,0,covers/1442429995-上五樓的快活 (2nd Edition).jpg,"cn,hk,tw",catalog,https://music.apple.com/hk/album/%E4%B8%8A%E4%BA%94%E6%A8%93%E7%9A%84%E5%BF%AB%E6%B4%BB-2nd-edition/1442429995?uo=4 | https://musicbrainz.org/release-group/cc207d86-ebe1-4697-b938-bf4c9e53a86e,
apple-1444311535,青春無晦 - Single,陳奕迅 & 謝安琪,single,2009-01-01,False,1,0,1,0,covers/1444311535-青春無晦 - Single.jpg,"cn,hk,tw,us",catalog,https://music.apple.com/hk/album/%E9%9D%92%E6%98%A5%E7%84%A1%E6%99%A6-single/1444311535?uo=4,
mb-2c62288c-961f-43eb-9513-95168bdb7711,"Allegro, Opus 3.3 a.m.",陳奕迅,single,2009-01-21,False,1,0,1,0,,,physical-reference,https://musicbrainz.org/release/2c62288c-961f-43eb-9513-95168bdb7711 | https://musicbrainz.org/release-group/b204d030-dd68-4ac4-8036-23182f8a5ca6,Apple 四区目录未找到该发行 ID；依据 MusicBrainz 指定版本保存，未与相似标题版本合并。 | 曲目已保存，独立封面尚未下载成功；不使用其他专辑图片代替。
apple-1490822198,H3M (Remastered 2019),陳奕迅,studio,2009-03-23,False,10,0,10,0,covers/1490822198-H3M (Remastered 2019).jpg,"cn,hk,tw,us",catalog,https://music.apple.com/hk/album/h3m-remastered-2019/1490822198?uo=4 | https://musicbrainz.org/release-group/27d848cf-f7bc-3284-aead-19c08a76c6e9,
mb-2039c348-f3c0-435d-95b4-496aeef114ba,Super Master Series: Eason Chan 陳奕迅,陳奕迅,compilation,2009-06,False,16,0,16,0,,,physical-reference,https://musicbrainz.org/release/2039c348-f3c0-435d-95b4-496aeef114ba | https://musicbrainz.org/release-group/713896c9-ae66-4171-8d12-2230a259b23f,Apple 四区目录未找到该发行 ID；依据 MusicBrainz 指定版本保存，未与相似标题版本合并。 | 曲目已保存，独立封面尚未下载成功；不使用其他专辑图片代替。
apple-1876913960,从何说起 (《纯真的年代》电视剧主题曲) - Single,陳奕迅,single,2009-09-23,False,1,0,1,0,covers/1876913960-从何说起 (《纯真的年代》电视剧主题曲) - Single.jpg,"cn,hk,tw,us",catalog,https://music.apple.com/hk/album/%E4%BB%8E%E4%BD%95%E8%AF%B4%E8%B5%B7-%E7%BA%AF%E7%9C%9F%E7%9A%84%E5%B9%B4%E4%BB%A3-%E7%94%B5%E8%A7%86%E5%89%A7%E4%B8%BB%E9%A2%98%E6%9B%B2-single/1876913960?uo=4,
apple-1444447867,City of Hope - Single,陳奕迅,single,2010-01-01,False,1,0,1,0,covers/1444447867-City of Hope - Single.jpg,"cn,hk,tw",catalog,https://music.apple.com/hk/album/city-of-hope-single/1444447867?uo=4,
apple-1445706572,"Eason Chan Duo Concert 2010, Vol. 1",陳奕迅,live,2010-01-01,False,0,13,13,0,"covers/1445706572-Eason Chan Duo Concert 2010, Vol. 1.jpg","cn,hk,tw,us",catalog,https://music.apple.com/hk/album/eason-chan-duo-concert-2010-vol-1/1445706572?uo=4,
apple-1445713570,"Eason Chan Duo Concert 2010, Vol. 3",陳奕迅,live,2010-01-01,False,0,9,9,0,"covers/1445713570-Eason Chan Duo Concert 2010, Vol. 3.jpg","cn,hk,tw,us",catalog,https://music.apple.com/hk/album/eason-chan-duo-concert-2010-vol-3/1445713570?uo=4,
apple-1445686357,"Eason Chan Duo Concert 2010, Vol. 4",陳奕迅,live,2010-01-01,False,0,5,5,0,"covers/1445686357-Eason Chan Duo Concert 2010, Vol. 4.jpg","cn,hk,tw",catalog,https://music.apple.com/hk/album/eason-chan-duo-concert-2010-vol-4/1445686357?uo=4,
apple-1446016948,Time Flies,陳奕迅,ep,2010-01-01,False,0,4,4,0,covers/1446016948-Time Flies.jpg,"cn,hk,tw,us",catalog,https://music.apple.com/hk/album/time-flies/1446016948?uo=4 | https://musicbrainz.org/release-group/fca67ca4-b1b2-4b83-bf2a-33d0163097e9,
apple-1443717418,Time Flies 2010 - EP,陳奕迅,ep,2010-01-01,False,6,0,6,0,covers/1443717418-Time Flies 2010 - EP.jpg,"cn,hk,tw",catalog,https://music.apple.com/hk/album/time-flies-2010-ep/1443717418?uo=4 | https://musicbrainz.org/release-group/fca67ca4-b1b2-4b83-bf2a-33d0163097e9,
apple-1444407972,無限之城 (國) - Single,陳奕迅,single,2010-01-01,False,1,0,1,0,covers/1444407972-無限之城 (國) - Single.jpg,"cn,hk,tw",catalog,https://music.apple.com/hk/album/%E7%84%A1%E9%99%90%E4%B9%8B%E5%9F%8E-%E5%9C%8B-single/1444407972?uo=4,
apple-1442966677,陳奕迅2010 Duo演唱會,陳奕迅,live,2010-07-02,False,36,0,36,0,covers/1442966677-陳奕迅2010 Duo演唱會.jpg,"cn,hk,tw,us",catalog,https://music.apple.com/hk/album/%E9%99%B3%E5%A5%95%E8%BF%852010-duo%E6%BC%94%E5%94%B1%E6%9C%83/1442966677?uo=4 | https://musicbrainz.org/release-group/aac50bfa-86ad-44ee-9cbd-31af85d13da2,
apple-1604745788,Taste The Atmosphere,陳奕迅,ep,2010-10-15,False,8,0,8,0,covers/1604745788-Taste The Atmosphere.jpg,"cn,hk,tw,us",catalog,https://music.apple.com/hk/album/taste-the-atmosphere/1604745788?uo=4 | https://musicbrainz.org/release-group/fb610a48-c1ae-4e6c-847b-2e81ef54de0e,
apple-1829423915,Taste the Atmosphere (Remastered 2025),陳奕迅,ep,2010-10-15,False,8,0,8,0,covers/1829423915-Taste the Atmosphere (Remastered 2025).jpg,"cn,hk,tw,us",catalog,https://music.apple.com/hk/album/taste-the-atmosphere-remastered-2025/1829423915?uo=4 | https://musicbrainz.org/release-group/fb610a48-c1ae-4e6c-847b-2e81ef54de0e,
mb-7d544874-4d31-4079-adb4-59ef254c6dee,My Private Christmas Song,陳奕迅,single,2010-12-08,False,1,0,1,0,,,physical-reference,https://musicbrainz.org/release/7d544874-4d31-4079-adb4-59ef254c6dee | https://musicbrainz.org/release-group/2bc72e45-4d29-4a72-80c2-a7c1a5094f42,Apple 四区目录未找到该发行 ID；依据 MusicBrainz 指定版本保存，未与相似标题版本合并。 | 曲目已保存，独立封面尚未下载成功；不使用其他专辑图片代替。
mb-0fbcdfa2-32af-4828-9675-e051417997da,等你愛我,Eason Chan,single,2010-12-22,False,1,0,1,0,,,physical-reference,https://musicbrainz.org/release/0fbcdfa2-32af-4828-9675-e051417997da | https://musicbrainz.org/release-group/e0aeceab-317a-4ca2-896e-0e758af1c0e5,Apple 四区目录未找到该发行 ID；依据 MusicBrainz 指定版本保存，未与相似标题版本合并。 | 曲目已保存，独立封面尚未下载成功；不使用其他专辑图片代替。
apple-1442491195,903 ID Club拉闊音樂會 陳奕迅 - EP,陳奕迅,ep,2011-01-01,False,6,0,6,0,covers/1442491195-903 ID Club拉闊音樂會 陳奕迅 - EP.jpg,"cn,hk,tw,us",catalog,https://music.apple.com/hk/album/903-id-club%E6%8B%89%E9%97%8A%E9%9F%B3%E6%A8%82%E6%9C%83-%E9%99%B3%E5%A5%95%E8%BF%85-ep/1442491195?uo=4,
apple-1443711302,Stranger Under My Skin,陳奕迅,ep,2011-02-22,False,9,0,9,0,covers/1443711302-Stranger Under My Skin.jpg,"cn,hk,tw,us",catalog,https://music.apple.com/hk/album/stranger-under-my-skin/1443711302?uo=4 | https://musicbrainz.org/release-group/0b608794-0a63-4f13-987e-4a6878b51b89,
apple-1821210438,Stranger Under My Skin (Remastered 2025),陳奕迅,ep,2011-02-22,False,9,0,9,0,covers/1821210438-Stranger Under My Skin (Remastered 2025).jpg,"cn,hk,tw,us",catalog,https://music.apple.com/hk/album/stranger-under-my-skin-remastered-2025/1821210438?uo=4 | https://musicbrainz.org/release-group/0b608794-0a63-4f13-987e-4a6878b51b89,
mb-d143252b-da65-4ce6-9b5f-37fb322b79b9,Music Is Live 2011 903 id club 陳奕迅 x 楊千嬅 x 梁漢文,陳奕迅 / 楊千嬅 / 梁漢文,live,2011-10-14,False,24,0,24,0,,,review-required,https://musicbrainz.org/release/d143252b-da65-4ce6-9b5f-37fb322b79b9 | https://musicbrainz.org/release-group/a1566495-a496-4c59-b4c3-0e60e2af915b,Apple 四区目录未找到该发行 ID；依据 MusicBrainz 指定版本保存，未与相似标题版本合并。 | 发行信息仍需复核；暂不进入录音室专辑展示清单。 | 曲目已保存，独立封面尚未下载成功；不使用其他专辑图片代替。
apple-1443783500,?,陳奕迅,studio,2011-11-09,True,12,0,12,0,covers/1443783500-_.jpg,"cn,hk,tw,us",catalog,https://music.apple.com/hk/album/1443783500?uo=4 | https://musicbrainz.org/release-group/163b0870-9485-4f2f-825e-c26c79acb8d4 | https://musicbrainz.org/release-group/f9a5860a-dd8d-4d9e-9f74-f8a29a2f250f,
apple-1445753233,...3mm,陳奕迅,studio,2012-01-01,True,10,1,11,0,covers/1445753233-3mm.jpg,"cn,hk,tw,us",catalog,https://music.apple.com/hk/album/3mm/1445753233?uo=4 | https://musicbrainz.org/release-group/8983dfb8-006b-4155-b8d0-f9d444c0e915,
apple-1443067287,...3mm Remix - EP,陳奕迅,ep,2012-01-01,False,5,0,5,0,covers/1443067287-3mm Remix - EP.jpg,"cn,hk,tw,us",catalog,https://music.apple.com/hk/album/3mm-remix-ep/1443067287?uo=4 | https://musicbrainz.org/release-group/1b789564-fb81-4f5d-9162-22fecd9f481d,
apple-1629391347,相信自己无限极 - Single,陳奕迅,single,2012-06-29,False,1,0,1,0,covers/1629391347-相信自己无限极 - Single.jpg,"cn,hk,tw,us",catalog,https://music.apple.com/hk/album/%E7%9B%B8%E4%BF%A1%E8%87%AA%E5%B7%B1%E6%97%A0%E9%99%90%E6%9E%81-single/1629391347?uo=4,
apple-1443270803,Eason's Life 2013演唱會,Eason Chan,live,2013-01-01,False,21,0,21,0,covers/1443270803-Eason's Life 2013演唱會.jpg,us,catalog,https://music.apple.com/us/album/easons-life-2013%E6%BC%94%E5%94%B1%E6%9C%83/1443270803?uo=4 | https://musicbrainz.org/release-group/08107436-e26c-4221-b078-a25d001f94a6,
apple-1445126987,"同舟之情 (""家是香港""運動主題曲) - Single",張學友 & 陳奕迅,single,2013-01-01,False,1,0,1,0,covers/1445126987-同舟之情 (_家是香港_運動主題曲) - Single.jpg,"cn,hk,tw,us",catalog,https://music.apple.com/hk/album/%E5%90%8C%E8%88%9F%E4%B9%8B%E6%83%85-%E5%AE%B6%E6%98%AF%E9%A6%99%E6%B8%AF-%E9%81%8B%E5%8B%95%E4%B8%BB%E9%A1%8C%E6%9B%B2-single/1445126987?uo=4 | https://musicbrainz.org/release-group/adcab760-1c05-4ac2-90e9-ab291e50bdcc | https://musicbrainz.org/release-group/b223b2ca-d3e2-460f-afee-03be12e45a82,
apple-1494882271,穩穩的幸福 - Single,陳奕迅,single,2013-01-31,False,1,0,1,0,covers/1494882271-穩穩的幸福 - Single.jpg,"hk,tw,us",catalog,https://music.apple.com/hk/album/%E7%A9%A9%E7%A9%A9%E7%9A%84%E5%B9%B8%E7%A6%8F-single/1494882271?uo=4 | https://musicbrainz.org/release-group/8bdcb0f7-df37-4927-8ecb-9d421b33b9fb,
apple-1494891188,穩穩的幸福 - Single,陈奕迅,single,2013-01-31,False,1,0,1,0,covers/1494891188-穩穩的幸福 - Single.jpg,cn,catalog,https://music.apple.com/cn/album/%E7%A9%A9%E7%A9%A9%E7%9A%84%E5%B9%B8%E7%A6%8F-single/1494891188?uo=4 | https://musicbrainz.org/release-group/8bdcb0f7-df37-4927-8ecb-9d421b33b9fb,
apple-1494890046,光輝歲月 - Single,陳奕迅,single,2013-05-09,False,1,0,1,0,covers/1494890046-光輝歲月 - Single.jpg,"hk,tw,us",catalog,https://music.apple.com/hk/album/%E5%85%89%E8%BC%9D%E6%AD%B2%E6%9C%88-single/1494890046?uo=4 | https://musicbrainz.org/release-group/99407bc6-df78-4f08-adb4-6589112a2783,
apple-651455891,陳奕迅 國語精選,陳奕迅,compilation,2013-05-22,False,17,0,17,0,covers/651455891-陳奕迅 國語精選.jpg,"cn,hk,tw,us",catalog,https://music.apple.com/hk/album/%E9%99%B3%E5%A5%95%E8%BF%85-%E5%9C%8B%E8%AA%9E%E7%B2%BE%E9%81%B8/651455891?uo=4,
apple-651449675,陳奕迅 廣東精選,陳奕迅,compilation,2013-05-24,False,17,0,17,0,covers/651449675-陳奕迅 廣東精選.jpg,"cn,hk,tw,us",catalog,https://music.apple.com/hk/album/%E9%99%B3%E5%A5%95%E8%BF%85-%E5%BB%A3%E6%9D%B1%E7%B2%BE%E9%81%B8/651449675?uo=4 | https://musicbrainz.org/release-group/eb1f99cd-c1c6-4b1c-bb19-a339a9154e64,
mb-6cdf6e53-a493-4001-839a-74acc148576f,主旋律,陳奕迅,single,2013-06-14,False,1,0,1,0,,,physical-reference,https://musicbrainz.org/release/6cdf6e53-a493-4001-839a-74acc148576f | https://musicbrainz.org/release-group/2b2fc927-98cc-4b36-a8d2-edb4f36a7ed6,Apple 四区目录未找到该发行 ID；依据 MusicBrainz 指定版本保存，未与相似标题版本合并。 | 曲目已保存，独立封面尚未下载成功；不使用其他专辑图片代替。
apple-667921627,2013 陳奕迅 Music Life 精選,陳奕迅,compilation,2013-06-29,False,74,0,74,0,covers/667921627-2013 陳奕迅 Music Life 精選.jpg,"cn,hk,tw,us",catalog,https://music.apple.com/hk/album/2013-%E9%99%B3%E5%A5%95%E8%BF%85-music-life-%E7%B2%BE%E9%81%B8/667921627?uo=4 | https://musicbrainz.org/release-group/d977a6fd-de6a-4341-a726-318837187b9f,
apple-1386714588,The Key,陳奕迅,studio,2013-07-22,True,8,0,8,0,covers/1386714588-The Key.jpg,"cn,hk,tw,us",catalog,https://music.apple.com/hk/album/the-key/1386714588?uo=4 | https://musicbrainz.org/release-group/a6d79b50-2bdd-493e-b50f-1e70d9a22d01,
apple-1444164011,Eason's Life 陳奕迅2013演唱會 (Deluxe Version),陳奕迅,live,2014-01-01,False,22,0,23,1,covers/1444164011-Eason's Life 陳奕迅2013演唱會 (Deluxe Version).jpg,"cn,hk,tw,us",incomplete,https://music.apple.com/hk/album/easons-life-%E9%99%B3%E5%A5%95%E8%BF%852013%E6%BC%94%E5%94%B1%E6%9C%83-deluxe-version/1444164011?uo=4 | https://musicbrainz.org/release-group/08107436-e26c-4221-b078-a25d001f94a6,Apple 声明 23 项，公开接口和专辑页返回 22 项；剩余 1 项类型及名称未获确认，未猜填。实体 2CD 普通版为 21 曲，不能用它替代 Deluxe 的目录。
apple-1443211952,Rice & Shine,Eason Chan,studio,2014-01-01,False,11,0,11,0,covers/1443211952-Rice & Shine.jpg,us,catalog,https://music.apple.com/us/album/rice-shine/1443211952?uo=4 | https://musicbrainz.org/release-group/03fac712-87f5-4a57-a083-e9c40382964a,
apple-1422694136,rice & shine,陳奕迅,studio,2014-05-15,True,11,0,11,0,covers/1422694136-rice & shine.jpg,"cn,hk,tw,us",catalog,https://music.apple.com/hk/album/rice-shine/1422694136?uo=4 | https://musicbrainz.org/release-group/03fac712-87f5-4a57-a083-e9c40382964a,
apple-892692130,新生活 (新曲+精選),陳奕迅,compilation,2014-05-22,False,19,0,19,0,covers/892692130-新生活 (新曲+精選).jpg,"cn,hk,tw,us",catalog,https://music.apple.com/hk/album/%E6%96%B0%E7%94%9F%E6%B4%BB-%E6%96%B0%E6%9B%B2-%E7%B2%BE%E9%81%B8/892692130?uo=4 | https://musicbrainz.org/release-group/ac652fe6-b0c9-4d5b-b872-e4811c0b05bb,
apple-892669236,Nothing Really Matters,陳奕迅,studio,2014-07-01,True,10,0,10,0,covers/892669236-Nothing Really Matters.jpg,"cn,hk,tw,us",catalog,https://music.apple.com/hk/album/nothing-really-matters/892669236?uo=4 | https://musicbrainz.org/release-group/ca854b0a-464e-364f-81d6-7064973872a9,
mb-12cd8314-0bde-4987-80a7-3a70cb11525a,十年經典,陳奕迅,compilation,2015-01,False,30,0,30,0,,,physical-reference,https://musicbrainz.org/release/12cd8314-0bde-4987-80a7-3a70cb11525a | https://musicbrainz.org/release-group/bf503b69-4e5e-4f90-9c78-e1a2bf535522,Apple 四区目录未找到该发行 ID；依据 MusicBrainz 指定版本保存，未与相似标题版本合并。 | 曲目已保存，独立封面尚未下载成功；不使用其他专辑图片代替。
apple-1445307148,暴風雨 (《暴瘋語》電影主題曲) - Single,陳奕迅,single,2015-03-17,False,1,0,1,0,covers/1445307148-暴風雨 (《暴瘋語》電影主題曲) - Single.jpg,"cn,hk,tw",catalog,https://music.apple.com/hk/album/%E6%9A%B4%E9%A2%A8%E9%9B%A8-%E6%9A%B4%E7%98%8B%E8%AA%9E-%E9%9B%BB%E5%BD%B1%E4%B8%BB%E9%A1%8C%E6%9B%B2-single/1445307148?uo=4,
apple-1422674966,準備中,陳奕迅,studio,2015-07-03,True,11,0,11,0,covers/1422674966-準備中.jpg,"cn,hk,tw,us",supplemented-from-physical,https://music.apple.com/hk/album/%E6%BA%96%E5%82%99%E4%B8%AD/1422674966?uo=4 | https://musicbrainz.org/release-group/fcae667c-725e-4801-9e38-c21f69a80103,按官方 11 曲 CD 发行补入加收曲「異夢」；另有 10 曲版本。
apple-1444411811,"恐龍進化論 (""死開啲啦""電影主題曲) - Single",陳奕迅,single,2015-09-10,False,1,0,1,0,covers/1444411811-恐龍進化論 (_死開啲啦_電影主題曲) - Single.jpg,"cn,hk,tw,us",catalog,https://music.apple.com/hk/album/%E6%81%90%E9%BE%8D%E9%80%B2%E5%8C%96%E8%AB%96-%E6%AD%BB%E9%96%8B%E5%95%B2%E5%95%A6-%E9%9B%BB%E5%BD%B1%E4%B8%BB%E9%A1%8C%E6%9B%B2-single/1444411811?uo=4,
apple-1445308857,"陪你度过漫长岁月 (""陪安东​​尼度过漫长岁月""电影主题曲) - Single",陈奕迅,single,2015-10-22,False,1,0,1,0,covers/1445308857-陪你度过漫长岁月 (_陪安东​​尼度过漫长岁月_电影主题曲) - Single.jpg,cn,catalog,https://music.apple.com/cn/album/%E9%99%AA%E4%BD%A0%E5%BA%A6%E8%BF%87%E6%BC%AB%E9%95%BF%E5%B2%81%E6%9C%88-%E9%99%AA%E5%AE%89%E4%B8%9C-%E5%B0%BC%E5%BA%A6%E8%BF%87%E6%BC%AB%E9%95%BF%E5%B2%81%E6%9C%88-%E7%94%B5%E5%BD%B1%E4%B8%BB%E9%A2%98%E6%9B%B2-single/1445308857?uo=4 | https://musicbrainz.org/release-group/5b2b1dba-d8cc-441c-95a7-0c3c48fd7607,
apple-1444442608,"陪你度過漫長歲月 (""陪安東尼度過漫長歲月""電影主題曲) - Single",陳奕迅,single,2015-10-22,False,1,0,1,0,covers/1444442608-陪你度過漫長歲月 (_陪安東尼度過漫長歲月_電影主題曲) - Single.jpg,"hk,tw,us",catalog,https://music.apple.com/hk/album/%E9%99%AA%E4%BD%A0%E5%BA%A6%E9%81%8E%E6%BC%AB%E9%95%B7%E6%AD%B2%E6%9C%88-%E9%99%AA%E5%AE%89%E6%9D%B1%E5%B0%BC%E5%BA%A6%E9%81%8E%E6%BC%AB%E9%95%B7%E6%AD%B2%E6%9C%88-%E9%9B%BB%E5%BD%B1%E4%B8%BB%E9%A1%8C%E6%9B%B2-single/1444442608?uo=4,
apple-1444408224,"Sleep Alone (From ""Les Aventures d' Anthony"") - Single",陳奕迅,single,2015-11-10,False,1,0,1,0,covers/1444408224-Sleep Alone (From _Les Aventures d' Anthony_) - Single.jpg,"cn,hk,tw,us",catalog,https://music.apple.com/hk/album/sleep-alone-from-les-aventures-d-anthony-single/1444408224?uo=4 | https://musicbrainz.org/release-group/6ad0a5aa-820b-4ce7-a79c-3161728ffa02,
apple-1446857587,在這個世界相遇 (動畫電影《大魚海棠》主題曲) - Single,陈奕迅,single,2016-06-16,False,1,0,1,0,covers/1446857587-在這個世界相遇 (動畫電影《大魚海棠》主題曲) - Single.jpg,cn,catalog,https://music.apple.com/cn/album/%E5%9C%A8%E9%80%99%E5%80%8B%E4%B8%96%E7%95%8C%E7%9B%B8%E9%81%87-%E5%8B%95%E7%95%AB%E9%9B%BB%E5%BD%B1-%E5%A4%A7%E9%AD%9A%E6%B5%B7%E6%A3%A0-%E4%B8%BB%E9%A1%8C%E6%9B%B2-single/1446857587?uo=4 | https://musicbrainz.org/release-group/daa59df8-ee41-442c-91af-179914588b23,
apple-1446859357,I Do - Single,陳奕迅,single,2016-09-26,False,1,0,1,0,covers/1446859357-I Do - Single.jpg,"cn,hk,tw",catalog,https://music.apple.com/hk/album/i-do-single/1446859357?uo=4,
apple-1452838886,I Do - Single,陳奕迅,single,2016-09-26,False,1,0,1,0,covers/1452838886-I Do - Single.jpg,"cn,hk,tw",catalog,https://music.apple.com/hk/album/i-do-single/1452838886?uo=4,
apple-1445302735,四季 - Single,陳奕迅,single,2016-09-29,False,1,0,1,0,covers/1445302735-四季 - Single.jpg,"cn,hk,tw,us",catalog,https://music.apple.com/hk/album/%E5%9B%9B%E5%AD%A3-single/1445302735?uo=4 | https://musicbrainz.org/release-group/9fc0f546-067e-401f-9a56-fd9eb76b0d62,
apple-1445291082,讓我留在你身邊 - Single,陳奕迅,single,2016-12-01,False,1,0,1,0,covers/1445291082-讓我留在你身邊 - Single.jpg,"hk,tw",catalog,https://music.apple.com/hk/album/%E8%AE%93%E6%88%91%E7%95%99%E5%9C%A8%E4%BD%A0%E8%BA%AB%E9%82%8A-single/1445291082?uo=4 | https://musicbrainz.org/release-group/7c9c6095-67f5-4668-a5ec-5315ee0358cb,
mb-8c99dea6-6631-4fe8-9ebc-8eda672893fb,十面埋伏,陳奕迅,compilation,2017,False,12,0,12,0,,,review-required,https://musicbrainz.org/release/8c99dea6-6631-4fe8-9ebc-8eda672893fb | https://musicbrainz.org/release-group/83d9a24f-83b2-4e03-b763-5fe574911a57,Apple 四区目录未找到该发行 ID；依据 MusicBrainz 指定版本保存，未与相似标题版本合并。 | 发行信息仍需复核；暂不进入录音室专辑展示清单。 | 曲目已保存，独立封面尚未下载成功；不使用其他专辑图片代替。
apple-1446861450,在這個世界相遇 (動畫電影《大魚海棠》主題曲) - Single,陳奕迅,single,2017-03-21,False,1,0,1,0,covers/1446861450-在這個世界相遇 (動畫電影《大魚海棠》主題曲) - Single.jpg,"hk,tw",catalog,https://music.apple.com/hk/album/%E5%9C%A8%E9%80%99%E5%80%8B%E4%B8%96%E7%95%8C%E7%9B%B8%E9%81%87-%E5%8B%95%E7%95%AB%E9%9B%BB%E5%BD%B1-%E5%A4%A7%E9%AD%9A%E6%B5%B7%E6%A3%A0-%E4%B8%BB%E9%A1%8C%E6%9B%B2-single/1446861450?uo=4 | https://musicbrainz.org/release-group/daa59df8-ee41-442c-91af-179914588b23,
apple-1444400349,披風 - Single,陳奕迅,single,2017-05-18,False,1,0,1,0,covers/1444400349-披風 - Single.jpg,"cn,hk,tw,us",catalog,https://music.apple.com/hk/album/%E6%8A%AB%E9%A2%A8-single/1444400349?uo=4,
apple-1444408564,放 - Single,陳奕迅,single,2017-05-18,False,1,0,1,0,covers/1444408564-放 - Single.jpg,"cn,hk,tw,us",catalog,https://music.apple.com/hk/album/%E6%94%BE-single/1444408564?uo=4,
apple-1444396466,海膽 - Single,陳奕迅,single,2017-08-04,False,1,0,1,0,covers/1444396466-海膽 - Single.jpg,"cn,hk,tw,us",catalog,https://music.apple.com/hk/album/%E6%B5%B7%E8%86%BD-single/1444396466?uo=4,
apple-1440909180,C'mon in~,陳奕迅,studio,2017-10-09,True,10,0,10,0,covers/1440909180-C'mon in~.jpg,"cn,hk,tw,us",catalog,https://music.apple.com/hk/album/cmon-in/1440909180?uo=4 | https://musicbrainz.org/release-group/0e5c2584-2206-4358-a835-ed2e0e519ab5,
apple-1365353242,我們 (《後來的我們》電影主題曲) - Single,陳奕迅,single,2018-04-10,False,1,0,1,0,covers/1365353242-我們 (《後來的我們》電影主題曲) - Single.jpg,"hk,tw,us",catalog,https://music.apple.com/hk/album/%E6%88%91%E5%80%91-%E5%BE%8C%E4%BE%86%E7%9A%84%E6%88%91%E5%80%91-%E9%9B%BB%E5%BD%B1%E4%B8%BB%E9%A1%8C%E6%9B%B2-single/1365353242?uo=4 | https://musicbrainz.org/release-group/bf4e7b13-f376-49be-8fe0-35a9d0094b74,
apple-1365354095,我們 (《後來的我們》電影主題曲) - Single,陈奕迅,single,2018-04-10,False,1,0,1,0,covers/1365354095-我們 (《後來的我們》電影主題曲) - Single.jpg,cn,catalog,https://music.apple.com/cn/album/%E6%88%91%E5%80%91-%E5%BE%8C%E4%BE%86%E7%9A%84%E6%88%91%E5%80%91-%E9%9B%BB%E5%BD%B1%E4%B8%BB%E9%A1%8C%E6%9B%B2-single/1365354095?uo=4 | https://musicbrainz.org/release-group/bf4e7b13-f376-49be-8fe0-35a9d0094b74,
apple-1386599280,與你常在 - Single,陳奕迅 & eason and the duo band,single,2018-05-25,False,1,0,1,0,covers/1386599280-與你常在 - Single.jpg,"cn,hk,tw,us",catalog,https://music.apple.com/hk/album/%E8%88%87%E4%BD%A0%E5%B8%B8%E5%9C%A8-single/1386599280?uo=4,
apple-1398139541,漸漸 - Single,陳奕迅,single,2018-06-22,False,1,0,1,0,covers/1398139541-漸漸 - Single.jpg,"cn,hk,tw,us",catalog,https://music.apple.com/hk/album/%E6%BC%B8%E6%BC%B8-single/1398139541?uo=4,
apple-1431690016,可一可再 - Single,陳奕迅 & eason and the duo band,single,2018-08-24,False,1,0,1,0,covers/1431690016-可一可再 - Single.jpg,"cn,hk,tw,us",catalog,https://music.apple.com/hk/album/%E5%8F%AF%E4%B8%80%E5%8F%AF%E5%86%8D-single/1431690016?uo=4,
apple-1438828644,破壞王 - Single,陳奕迅 & eason and the duo band,single,2018-10-18,False,1,0,1,0,covers/1438828644-破壞王 - Single.jpg,"cn,hk,tw,us",catalog,https://music.apple.com/hk/album/%E7%A0%B4%E5%A3%9E%E7%8E%8B-single/1438828644?uo=4,
apple-1441520069,L.O.V.E.,Eason Chan & eason and the duo band,studio,2018-12-12,False,15,0,15,0,covers/1441520069-L.O.V.E.jpg,us,catalog,https://music.apple.com/us/album/l-o-v-e/1441520069?uo=4 | https://musicbrainz.org/release-group/52f8288e-9934-45d0-9e13-0010b1fd669f,
apple-1441543918,L.O.V.E.,陳奕迅 & eason and the duo band,studio,2018-12-12,True,15,4,19,0,covers/1441543918-L.O.V.E.jpg,"cn,hk,tw",catalog,https://music.apple.com/hk/album/l-o-v-e/1441543918?uo=4 | https://musicbrainz.org/release-group/52f8288e-9934-45d0-9e13-0010b1fd669f,包含 15 个音频条目（含 interlude）和 4 个 MV；音频条目数不等于 15 首独立创作。
apple-1470592449,相信你的人 (電影《銀河補習班》推廣曲) - Single,陳奕迅,single,2019-07-05,False,1,0,1,0,covers/1470592449-相信你的人 (電影《銀河補習班》推廣曲) - Single.jpg,"hk,tw,us",catalog,https://music.apple.com/hk/album/%E7%9B%B8%E4%BF%A1%E4%BD%A0%E7%9A%84%E4%BA%BA-%E9%9B%BB%E5%BD%B1-%E9%8A%80%E6%B2%B3%E8%A3%9C%E7%BF%92%E7%8F%AD-%E6%8E%A8%E5%BB%A3%E6%9B%B2-single/1470592449?uo=4,
apple-1470593031,相信你的人 (電影《銀河補習班》推廣曲) - Single,陈奕迅,single,2019-07-05,False,1,0,1,0,covers/1470593031-相信你的人 (電影《銀河補習班》推廣曲) - Single.jpg,cn,catalog,https://music.apple.com/cn/album/%E7%9B%B8%E4%BF%A1%E4%BD%A0%E7%9A%84%E4%BA%BA-%E9%9B%BB%E5%BD%B1-%E9%8A%80%E6%B2%B3%E8%A3%9C%E7%BF%92%E7%8F%AD-%E6%8E%A8%E5%BB%A3%E6%9B%B2-single/1470593031?uo=4,
apple-1473225543,相信你的人 (電影《銀河補習班》推廣曲) [熱血勵志版] - Single,陈奕迅,single,2019-07-23,False,1,0,1,0,covers/1473225543-相信你的人 (電影《銀河補習班》推廣曲) [熱血勵志版] - Single.jpg,cn,catalog,https://music.apple.com/cn/album/%E7%9B%B8%E4%BF%A1%E4%BD%A0%E7%9A%84%E4%BA%BA-%E9%9B%BB%E5%BD%B1-%E9%8A%80%E6%B2%B3%E8%A3%9C%E7%BF%92%E7%8F%AD-%E6%8E%A8%E5%BB%A3%E6%9B%B2-%E7%86%B1%E8%A1%80%E5%8B%B5%E5%BF%97%E7%89%88-single/1473225543?uo=4,
apple-1473225961,相信你的人 (電影《銀河補習班》推廣曲) [熱血勵志版] - Single,陳奕迅,single,2019-07-23,False,1,0,1,0,covers/1473225961-相信你的人 (電影《銀河補習班》推廣曲) [熱血勵志版] - Single.jpg,"hk,tw,us",catalog,https://music.apple.com/hk/album/%E7%9B%B8%E4%BF%A1%E4%BD%A0%E7%9A%84%E4%BA%BA-%E9%9B%BB%E5%BD%B1-%E9%8A%80%E6%B2%B3%E8%A3%9C%E7%BF%92%E7%8F%AD-%E6%8E%A8%E5%BB%A3%E6%9B%B2-%E7%86%B1%E8%A1%80%E5%8B%B5%E5%BF%97%E7%89%88-single/1473225961?uo=4,
apple-1494891288,光輝歲月 - Single,陈奕迅,single,2020-01-14,False,1,0,1,0,covers/1494891288-光輝歲月 - Single.jpg,cn,catalog,https://music.apple.com/cn/album/%E5%85%89%E8%BC%9D%E6%AD%B2%E6%9C%88-single/1494891288?uo=4 | https://musicbrainz.org/release-group/99407bc6-df78-4f08-adb4-6589112a2783,
apple-1489003540,Shall We Talk (Tre Lune MMXIX) - Single,陳奕迅,single,2020-07-15,False,1,0,1,0,covers/1489003540-Shall We Talk (Tre Lune MMXIX) - Single.jpg,"hk,tw,us",catalog,https://music.apple.com/hk/album/shall-we-talk-tre-lune-mmxix-single/1489003540?uo=4,
apple-1489003659,Shall We Talk (Tre Lune MMXIX) - Single,陈奕迅,single,2020-07-15,False,1,0,1,0,covers/1489003659-Shall We Talk (Tre Lune MMXIX) - Single.jpg,cn,catalog,https://music.apple.com/cn/album/shall-we-talk-tre-lune-mmxix-single/1489003659?uo=4,
apple-1536075322,致明日的舞 - Single,陳奕迅,single,2020-10-21,False,1,0,1,0,covers/1536075322-致明日的舞 - Single.jpg,"cn,hk,tw,us",catalog,https://music.apple.com/hk/album/%E8%87%B4%E6%98%8E%E6%97%A5%E7%9A%84%E8%88%9E-single/1536075322?uo=4,
apple-1539122228,是但求其愛 - Single,陳奕迅,single,2020-11-20,False,1,0,1,0,covers/1539122228-是但求其愛 - Single.jpg,"cn,hk,tw,us",catalog,https://music.apple.com/hk/album/%E6%98%AF%E4%BD%86%E6%B1%82%E5%85%B6%E6%84%9B-single/1539122228?uo=4 | https://musicbrainz.org/release-group/e5af222c-ad78-4174-9460-2d98e21e00aa,
apple-1580332856,不期而遇的夏天 (電影《不期而遇的夏天》主題曲) - Single,陈奕迅,single,2021-08-17,False,1,0,1,0,covers/1580332856-不期而遇的夏天 (電影《不期而遇的夏天》主題曲) - Single.jpg,cn,catalog,https://music.apple.com/cn/album/%E4%B8%8D%E6%9C%9F%E8%80%8C%E9%81%87%E7%9A%84%E5%A4%8F%E5%A4%A9-%E9%9B%BB%E5%BD%B1-%E4%B8%8D%E6%9C%9F%E8%80%8C%E9%81%87%E7%9A%84%E5%A4%8F%E5%A4%A9-%E4%B8%BB%E9%A1%8C%E6%9B%B2-single/1580332856?uo=4 | https://musicbrainz.org/release-group/067bd0bf-a596-430a-9c79-ed86f28e4259,
apple-1580332948,不期而遇的夏天 (電影《不期而遇的夏天》主題曲) - Single,陈奕迅,single,2021-08-17,False,1,0,1,0,covers/1580332948-不期而遇的夏天 (電影《不期而遇的夏天》主題曲) - Single.jpg,cn,catalog,https://music.apple.com/cn/album/%E4%B8%8D%E6%9C%9F%E8%80%8C%E9%81%87%E7%9A%84%E5%A4%8F%E5%A4%A9-%E9%9B%BB%E5%BD%B1-%E4%B8%8D%E6%9C%9F%E8%80%8C%E9%81%87%E7%9A%84%E5%A4%8F%E5%A4%A9-%E4%B8%BB%E9%A1%8C%E6%9B%B2-single/1580332948?uo=4 | https://musicbrainz.org/release-group/067bd0bf-a596-430a-9c79-ed86f28e4259,
apple-1584062266,不期而遇的夏天 (電影《不期而遇的夏天》主題曲) - Single,陳奕迅,single,2021-09-16,False,1,0,1,0,covers/1584062266-不期而遇的夏天 (電影《不期而遇的夏天》主題曲) - Single.jpg,"hk,tw,us",catalog,https://music.apple.com/hk/album/%E4%B8%8D%E6%9C%9F%E8%80%8C%E9%81%87%E7%9A%84%E5%A4%8F%E5%A4%A9-%E9%9B%BB%E5%BD%B1-%E4%B8%8D%E6%9C%9F%E8%80%8C%E9%81%87%E7%9A%84%E5%A4%8F%E5%A4%A9-%E4%B8%BB%E9%A1%8C%E6%9B%B2-single/1584062266?uo=4 | https://musicbrainz.org/release-group/067bd0bf-a596-430a-9c79-ed86f28e4259,
apple-1584062704,世界上不存在的歌 (2020 重唱版) - Single,陈奕迅,single,2021-09-16,False,1,0,1,0,covers/1584062704-世界上不存在的歌 (2020 重唱版) - Single.jpg,cn,catalog,https://music.apple.com/cn/album/%E4%B8%96%E7%95%8C%E4%B8%8A%E4%B8%8D%E5%AD%98%E5%9C%A8%E7%9A%84%E6%AD%8C-2020-%E9%87%8D%E5%94%B1%E7%89%88-single/1584062704?uo=4,
apple-1584065308,世界上不存在的歌 (2020 重唱版) - Single,陳奕迅,single,2021-09-16,False,1,0,1,0,covers/1584065308-世界上不存在的歌 (2020 重唱版) - Single.jpg,"hk,tw,us",catalog,https://music.apple.com/hk/album/%E4%B8%96%E7%95%8C%E4%B8%8A%E4%B8%8D%E5%AD%98%E5%9C%A8%E7%9A%84%E6%AD%8C-2020-%E9%87%8D%E5%94%B1%E7%89%88-single/1584065308?uo=4,
apple-1596938776,孤勇者 (《英雄聯盟:雙城之戰》動畫劇集中文主題曲) - Single,陳奕迅,single,2021-12-08,False,1,0,1,0,covers/1596938776-孤勇者 (《英雄聯盟_雙城之戰》動畫劇集中文主題曲) - Single.jpg,"hk,tw,us",catalog,https://music.apple.com/hk/album/%E5%AD%A4%E5%8B%87%E8%80%85-%E8%8B%B1%E9%9B%84%E8%81%AF%E7%9B%9F-%E9%9B%99%E5%9F%8E%E4%B9%8B%E6%88%B0-%E5%8B%95%E7%95%AB%E5%8A%87%E9%9B%86%E4%B8%AD%E6%96%87%E4%B8%BB%E9%A1%8C%E6%9B%B2-single/1596938776?uo=4 | https://musicbrainz.org/release-group/da57e6ff-b7b9-484e-83ab-f7813d95c2d7,
apple-1596944315,孤勇者 (《英雄聯盟:雙城之戰》動畫劇集中文主題曲) - Single,陈奕迅,single,2021-12-08,False,1,0,1,0,covers/1596944315-孤勇者 (《英雄聯盟_雙城之戰》動畫劇集中文主題曲) - Single.jpg,cn,catalog,https://music.apple.com/cn/album/%E5%AD%A4%E5%8B%87%E8%80%85-%E8%8B%B1%E9%9B%84%E8%81%AF%E7%9B%9F-%E9%9B%99%E5%9F%8E%E4%B9%8B%E6%88%B0-%E5%8B%95%E7%95%AB%E5%8A%87%E9%9B%86%E4%B8%AD%E6%96%87%E4%B8%BB%E9%A1%8C%E6%9B%B2-single/1596944315?uo=4 | https://musicbrainz.org/release-group/da57e6ff-b7b9-484e-83ab-f7813d95c2d7,
apple-1699471829,K歌之王 - Single,陳奕迅,single,2022-02-11,False,1,0,1,0,covers/1699471829-K歌之王 - Single.jpg,"cn,hk,tw,us",catalog,https://music.apple.com/hk/album/k%E6%AD%8C%E4%B9%8B%E7%8E%8B-single/1699471829?uo=4,
apple-1642253501,EasON AIR - EP,陳奕迅,ep,2022-09-13,False,6,0,6,0,covers/1642253501-EasON AIR - EP.jpg,"cn,hk,tw,us",catalog,https://music.apple.com/hk/album/eason-air-ep/1642253501?uo=4 | https://musicbrainz.org/release-group/366ed7c7-2acb-4a1b-a80b-5cf41fa521d2,
apple-1646940804,孤勇者 (Live 版 /《英雄聯盟:雙城之戰》動畫劇集中文主題曲) - Single,陈奕迅,single,2022-10-04,False,1,0,1,0,covers/1646940804-孤勇者 (Live 版 _《英雄聯盟_雙城之戰》動畫劇集中文主題曲) - Single.jpg,cn,catalog,https://music.apple.com/cn/album/%E5%AD%A4%E5%8B%87%E8%80%85-live-%E7%89%88-%E8%8B%B1%E9%9B%84%E8%81%AF%E7%9B%9F-%E9%9B%99%E5%9F%8E%E4%B9%8B%E6%88%B0-%E5%8B%95%E7%95%AB%E5%8A%87%E9%9B%86%E4%B8%AD%E6%96%87%E4%B8%BB%E9%A1%8C%E6%9B%B2-single/1646940804?uo=4 | https://musicbrainz.org/release-group/da57e6ff-b7b9-484e-83ab-f7813d95c2d7,
apple-1646940930,孤勇者 (Live 版 /《英雄聯盟:雙城之戰》動畫劇集中文主題曲) - Single,陳奕迅,single,2022-10-04,False,1,0,1,0,covers/1646940930-孤勇者 (Live 版 _《英雄聯盟_雙城之戰》動畫劇集中文主題曲) - Single.jpg,"hk,tw,us",catalog,https://music.apple.com/hk/album/%E5%AD%A4%E5%8B%87%E8%80%85-live-%E7%89%88-%E8%8B%B1%E9%9B%84%E8%81%AF%E7%9B%9F-%E9%9B%99%E5%9F%8E%E4%B9%8B%E6%88%B0-%E5%8B%95%E7%95%AB%E5%8A%87%E9%9B%86%E4%B8%AD%E6%96%87%E4%B8%BB%E9%A1%8C%E6%9B%B2-single/1646940930?uo=4 | https://musicbrainz.org/release-group/da57e6ff-b7b9-484e-83ab-f7813d95c2d7,
apple-1653358910,人啊人 - Single,陳奕迅,single,2022-11-16,False,1,0,1,0,covers/1653358910-人啊人 - Single.jpg,"cn,hk,tw,us",catalog,https://music.apple.com/hk/album/%E4%BA%BA%E5%95%8A%E4%BA%BA-single/1653358910?uo=4 | https://musicbrainz.org/release-group/3be9d6ed-6a5f-49f0-b220-dd2b47b088c0,
apple-1662768448,盲婚啞嫁 - Single,陳奕迅,single,2023-01-09,False,1,0,1,0,covers/1662768448-盲婚啞嫁 - Single.jpg,"hk,tw,us",catalog,https://music.apple.com/hk/album/%E7%9B%B2%E5%A9%9A%E5%95%9E%E5%AB%81-single/1662768448?uo=4 | https://musicbrainz.org/release-group/2c6f5c6e-1300-4106-aa7e-3f4d51c713ad,
apple-1662774730,盲婚啞嫁 - Single,陈奕迅,single,2023-01-09,False,1,0,1,0,covers/1662774730-盲婚啞嫁 - Single.jpg,cn,catalog,https://music.apple.com/cn/album/%E7%9B%B2%E5%A9%9A%E5%95%9E%E5%AB%81-single/1662774730?uo=4 | https://musicbrainz.org/release-group/2c6f5c6e-1300-4106-aa7e-3f4d51c713ad,
apple-1675204502,塵大師 - Single,陳奕迅,single,2023-03-10,False,1,0,1,0,covers/1675204502-塵大師 - Single.jpg,"hk,tw,us",catalog,https://music.apple.com/hk/album/%E5%A1%B5%E5%A4%A7%E5%B8%AB-single/1675204502?uo=4 | https://musicbrainz.org/release-group/8919fb50-5007-4fe6-8032-2e8f2bb5cda6,
apple-1675204585,尘大师 - Single,陈奕迅,single,2023-03-10,False,1,0,1,0,covers/1675204585-尘大师 - Single.jpg,cn,catalog,https://music.apple.com/cn/album/%E5%B0%98%E5%A4%A7%E5%B8%88-single/1675204585?uo=4,
apple-1719930482,Every One - Single,"譚晶, 陳奕迅, 容祖兒, 王光良, 莫文蔚, 古巨基, 李宇春, 蔡卓妍, 張杰, 韓磊, 陳明, 宋雪萊 & 江若琳",single,2023-07-10,False,1,0,1,0,covers/1719930482-Every One - Single.jpg,"hk,tw,us",catalog,https://music.apple.com/hk/album/every-one-single/1719930482?uo=4,
apple-1720351241,北京祝福你 - Single,"譚晶, 陳奕迅, 成龍, 容祖兒, 莫文蔚, 李玟, 郭富城, 劉德華, 劉亦菲, 王力宏, 周華健, 庾澄慶, 梁詠琪, 徐若瑄, 任賢齊, 章子怡, 薩頂頂, 胡彥斌, 何潤東 & 韓庚",single,2023-07-10,False,1,0,1,0,covers/1720351241-北京祝福你 - Single.jpg,"hk,tw,us",catalog,https://music.apple.com/hk/album/%E5%8C%97%E4%BA%AC%E7%A5%9D%E7%A6%8F%E4%BD%A0-single/1720351241?uo=4,
apple-1705187671,Special One (feat. Eason Chan) - Single,AGA,single,2023-09-08,False,1,0,1,0,covers/1705187671-Special One (feat. Eason Chan) - Single.jpg,"cn,hk,tw,us",catalog,https://music.apple.com/hk/album/special-one-feat-eason-chan-single/1705187671?uo=4,
apple-1712647195,CHIN UP!,陳奕迅,studio,2023-10-27,True,8,0,8,0,covers/1712647195-CHIN UP!.jpg,"cn,hk,tw,us",catalog,https://music.apple.com/hk/album/chin-up/1712647195?uo=4 | https://musicbrainz.org/release-group/e610e53f-52ca-483d-9918-5b66f9546622,
apple-1777976808,这样很好 (《英雄联盟:双城之战》动画第二季原声) - Single,"陈奕迅, Arcane & League of Legends Music",single,2024-11-07,False,1,0,1,0,covers/1777976808-这样很好 (《英雄联盟_双城之战》动画第二季原声) - Single.jpg,cn,catalog,https://music.apple.com/cn/album/%E8%BF%99%E6%A0%B7%E5%BE%88%E5%A5%BD-%E8%8B%B1%E9%9B%84%E8%81%94%E7%9B%9F-%E5%8F%8C%E5%9F%8E%E4%B9%8B%E6%88%98-%E5%8A%A8%E7%94%BB%E7%AC%AC%E4%BA%8C%E5%AD%A3%E5%8E%9F%E5%A3%B0-single/1777976808?uo=4,
apple-1777976702,這樣很好 (《英雄聯盟:雙城之戰》動畫第二季原聲) - Single,"陳奕迅, Arcane & League of Legends Music",single,2024-11-07,False,1,0,1,0,covers/1777976702-這樣很好 (《英雄聯盟_雙城之戰》動畫第二季原聲) - Single.jpg,"hk,tw",catalog,https://music.apple.com/hk/album/%E9%80%99%E6%A8%A3%E5%BE%88%E5%A5%BD-%E8%8B%B1%E9%9B%84%E8%81%AF%E7%9B%9F-%E9%9B%99%E5%9F%8E%E4%B9%8B%E6%88%B0-%E5%8B%95%E7%95%AB%E7%AC%AC%E4%BA%8C%E5%AD%A3%E5%8E%9F%E8%81%B2-single/1777976702?uo=4,
apple-1831490372,FEAR and DREAMS (Live),陳奕迅,live,2025-08-25,False,31,0,31,0,covers/1831490372-FEAR and DREAMS (Live).jpg,"cn,hk,tw,us",catalog,https://music.apple.com/hk/album/fear-and-dreams-live/1831490372?uo=4 | https://musicbrainz.org/release-group/9c6c0b7e-dc04-4c83-bbea-eae6719100fc,
apple-1846752616,K歌之王 AIR - Single,陳奕迅,single,2025-10-23,False,2,0,2,0,covers/1846752616-K歌之王 AIR - Single.jpg,"cn,hk,tw,us",catalog,https://music.apple.com/hk/album/k%E6%AD%8C%E4%B9%8B%E7%8E%8B-air-single/1846752616?uo=4 | https://musicbrainz.org/release-group/c77686fa-fafc-47f2-a565-e3646e7ebcd1,
apple-6788750822,時代曲 (Remastered 2026) - Single,陳奕迅,single,2026-07-13,False,1,0,1,0,covers/6788750822-時代曲 (Remastered 2026) - Single.jpg,"cn,hk,tw,us",catalog,https://music.apple.com/hk/album/%E6%99%82%E4%BB%A3%E6%9B%B2-remastered-2026-single/6788750822?uo=4,
mb-4093cc15-8db0-4607-a79b-e689d022cd0d,903id Club 拉阔音乐会,"陳奕迅, 楊千嬅 & 梁漢文",live,,False,12,0,12,0,,,review-required,https://musicbrainz.org/release/4093cc15-8db0-4607-a79b-e689d022cd0d | https://musicbrainz.org/release-group/6642389a-9cf6-44db-97c9-6033bff83b42,Apple 四区目录未找到该发行 ID；依据 MusicBrainz 指定版本保存，未与相似标题版本合并。 | 发行信息仍需复核；暂不进入录音室专辑展示清单。 | 可能是 2011 合作现场发行的部分曲目版本；两份源记录分别保留，勿按独立新专辑计数。 | 曲目已保存，独立封面尚未下载成功；不使用其他专辑图片代替。
